[
{
    "fields": {
        "name": "Moderators",
        "permissions": [
            [
                "access_admin",
                "wagtailadmin",
                "admin"
            ],
            [
                "add_document",
                "wagtaildocs",
                "document"
            ],
            [
                "change_document",
                "wagtaildocs",
                "document"
            ],
            [
                "delete_document",
                "wagtaildocs",
                "document"
            ],
            [
                "add_image",
                "wagtailimages",
                "image"
            ],
            [
                "change_image",
                "wagtailimages",
                "image"
            ],
            [
                "delete_image",
                "wagtailimages",
                "image"
            ]
        ]
    },
    "model": "auth.group",
    "pk": 1
},
{
    "fields": {
        "name": "Editors",
        "permissions": [
            [
                "access_admin",
                "wagtailadmin",
                "admin"
            ],
            [
                "add_document",
                "wagtaildocs",
                "document"
            ],
            [
                "change_document",
                "wagtaildocs",
                "document"
            ],
            [
                "delete_document",
                "wagtaildocs",
                "document"
            ],
            [
                "add_image",
                "wagtailimages",
                "image"
            ],
            [
                "change_image",
                "wagtailimages",
                "image"
            ],
            [
                "delete_image",
                "wagtailimages",
                "image"
            ]
        ]
    },
    "model": "auth.group",
    "pk": 2
},
{
    "fields": {
        "username": "michael",
        "is_staff": true,
        "is_superuser": true,
        "email": "mwharrison@rice.edu",
        "last_name": "",
        "groups": [],
        "first_name": "",
        "user_permissions": [],
        "date_joined": "2015-10-21T20:23:31.604Z",
        "last_login": "2015-11-30T21:11:12.255Z",
        "is_active": true,
        "password": "pbkdf2_sha256$20000$wWAKSfY7FD8F$VBg6WoPh3i2UlqXFGhA6WM++laXAHXtSlxT2iOSuLgQ="
    },
    "model": "auth.user",
    "pk": 1
},
{
    "fields": {
        "name": "covers",
        "slug": "covers"
    },
    "model": "taggit.tag",
    "pk": 1
},
{
    "fields": {
        "name": "math",
        "slug": "math"
    },
    "model": "taggit.tag",
    "pk": 2
},
{
    "fields": {
        "name": "textbook",
        "slug": "textbook"
    },
    "model": "taggit.tag",
    "pk": 3
},
{
    "fields": {
        "name": "science",
        "slug": "science"
    },
    "model": "taggit.tag",
    "pk": 4
},
{
    "fields": {
        "name": "slider",
        "slug": "slider"
    },
    "model": "taggit.tag",
    "pk": 5
},
{
    "fields": {
        "name": "rice",
        "slug": "rice"
    },
    "model": "taggit.tag",
    "pk": 6
},
{
    "fields": {
        "name": "person",
        "slug": "person"
    },
    "model": "taggit.tag",
    "pk": 7
},
{
    "fields": {
        "name": "advisors",
        "slug": "advisors"
    },
    "model": "taggit.tag",
    "pk": 8
},
{
    "fields": {
        "object_id": 1,
        "content_type": [
            "wagtailimages",
            "image"
        ],
        "tag": 1
    },
    "model": "taggit.taggeditem",
    "pk": 1
},
{
    "fields": {
        "object_id": 1,
        "content_type": [
            "wagtailimages",
            "image"
        ],
        "tag": 2
    },
    "model": "taggit.taggeditem",
    "pk": 2
},
{
    "fields": {
        "object_id": 1,
        "content_type": [
            "wagtailimages",
            "image"
        ],
        "tag": 3
    },
    "model": "taggit.taggeditem",
    "pk": 3
},
{
    "fields": {
        "object_id": 2,
        "content_type": [
            "wagtailimages",
            "image"
        ],
        "tag": 3
    },
    "model": "taggit.taggeditem",
    "pk": 4
},
{
    "fields": {
        "object_id": 2,
        "content_type": [
            "wagtailimages",
            "image"
        ],
        "tag": 4
    },
    "model": "taggit.taggeditem",
    "pk": 5
},
{
    "fields": {
        "object_id": 3,
        "content_type": [
            "wagtailimages",
            "image"
        ],
        "tag": 5
    },
    "model": "taggit.taggeditem",
    "pk": 6
},
{
    "fields": {
        "object_id": 3,
        "content_type": [
            "wagtailimages",
            "image"
        ],
        "tag": 6
    },
    "model": "taggit.taggeditem",
    "pk": 7
},
{
    "fields": {
        "object_id": 9,
        "content_type": [
            "wagtailimages",
            "image"
        ],
        "tag": 3
    },
    "model": "taggit.taggeditem",
    "pk": 8
},
{
    "fields": {
        "object_id": 10,
        "content_type": [
            "wagtailimages",
            "image"
        ],
        "tag": 8
    },
    "model": "taggit.taggeditem",
    "pk": 9
},
{
    "fields": {
        "object_id": 10,
        "content_type": [
            "wagtailimages",
            "image"
        ],
        "tag": 7
    },
    "model": "taggit.taggeditem",
    "pk": 10
},
{
    "fields": {
        "object_id": 12,
        "content_type": [
            "wagtailimages",
            "image"
        ],
        "tag": 5
    },
    "model": "taggit.taggeditem",
    "pk": 11
},
{
    "fields": {
        "page": 8,
        "text": "CNX: Opensource textbooks.",
        "url": "http://cnx.org/"
    },
    "model": "demo.advert",
    "pk": 1
},
{
    "fields": {
        "sort_order": 0,
        "caption": "",
        "link_page": null,
        "link_external": "",
        "embed_url": "",
        "page": 13,
        "link_document": null,
        "image": 11
    },
    "model": "demo.homepagecarouselitem",
    "pk": 25
},
{
    "fields": {
        "sort_order": 1,
        "caption": "",
        "link_page": null,
        "link_external": "",
        "embed_url": "",
        "page": 13,
        "link_document": null,
        "image": 12
    },
    "model": "demo.homepagecarouselitem",
    "pk": 26
},
{
    "fields": {
        "sort_order": 2,
        "caption": "",
        "link_page": null,
        "link_external": "",
        "embed_url": "",
        "page": 13,
        "link_document": null,
        "image": 13
    },
    "model": "demo.homepagecarouselitem",
    "pk": 27
},
{
    "fields": {
        "sort_order": 3,
        "caption": "",
        "link_page": null,
        "link_external": "",
        "embed_url": "",
        "page": 13,
        "link_document": null,
        "image": 14
    },
    "model": "demo.homepagecarouselitem",
    "pk": 28
},
{
    "fields": {
        "body": "[{\"type\": \"paragraph\", \"value\": \"<p>Maecenas sed diam eget risus varius blandit sit amet non magna. Cras justo odio, dapibus ac facilisis in, egestas eget quam. Vivamus sagittis lacus vel augue laoreet rutrum faucibus dolor auctor. Fusce dapibus, tellus ac cursus commodo, tortor mauris condimentum nibh, ut fermentum massa justo sit amet risus. Nulla vitae elit libero, a pharetra augue.</p><p>Aenean lacinia bibendum nulla sed consectetur. Curabitur blandit tempus porttitor. Maecenas faucibus mollis interdum. Nullam id dolor id nibh ultricies vehicula ut id elit. Vestibulum id ligula porta felis euismod semper.<br/></p><p>Aenean eu leo quam. Pellentesque ornare sem lacinia quam venenatis vestibulum. Donec sed odio dui. Cum sociis natoque penatibus et magnis dis parturient montes, nascetur ridiculus mus. Vivamus sagittis lacus vel augue laoreet rutrum faucibus dolor auctor. Donec sed odio dui. Cras justo odio, dapibus ac facilisis in, egestas eget quam.<br/></p><p>Vivamus sagittis lacus vel augue laoreet rutrum faucibus dolor auctor. Maecenas sed diam eget risus varius blandit sit amet non magna. Nulla vitae elit libero, a pharetra augue. Cum sociis natoque penatibus et magnis dis parturient montes, nascetur ridiculus mus. Aenean eu leo quam. Pellentesque ornare sem lacinia quam venenatis vestibulum.<br/></p>\"}, {\"type\": \"pullquote\", \"value\": {\"attribution\": \"Someone, somewhere.\", \"quote\": \"Textbooks are amazing. Thank you.\"}}, {\"type\": \"h2\", \"value\": \"Partners\"}, {\"type\": \"aligned_html\", \"value\": {\"html\": \"<ul>\\r\\n<li>Rice University</li>\\r\\n<li>Gates Foundation</li>\\r\\n</ul>\", \"alignment\": \"normal\"}}]"
    },
    "model": "demo.homepage",
    "pk": 13
},
{
    "fields": {
        "feed_image": null,
        "body": "<p>Abdul Wali Khan University, Mardan</p><p>Aberdeen High School</p><p>Abilene Christian University</p><p>Ablington Heights School District</p><p>Abraham Lincoln High School</p><p>Academy for Science and Design</p><p>Adams State University</p><p>Adirondack Community College</p><p>African Christian College</p><p>Aiea High School</p><p>Alabama A&amp;M University</p><p>Alabama School for Fine Arts</p><p>Alabama State University, Montgomery</p><p>Alamo College, Palo Alto</p><p>Albany State University</p><p>Albright College</p><p>Alexandria Technical &amp; Community College</p><p>Alfaisal University</p><p>Alfred State College</p><p>Alfred University</p><p>Allegany College of Maryland</p><p>Allen University</p><p>Alvin Community College</p><p>Amarillo College</p><p>Ambrose University</p><p>American Business and Technology University</p><p>American College of Thessaloniki (ACT)</p><p>American Community School of Abu Dhabi</p><p>American International College</p><p>American International School of Egypt</p><p>American Public University</p><p>American River College</p><p>American University</p><p>American University of Health Sciences</p><p>American University of Iraq, Sulaimani</p><p>American University of Nigeria</p><p>Andrew College</p><p>Andrews Academy</p><p>Angelina College</p><p>Angelo State University</p><p>Anna Tobeluk Memorial School</p><p>Anne Arundel Community College</p><p>Antelope Valley College</p><p>ANU College</p><p>Apex High School</p><p>Apopka High School</p><p>Arab High School</p><p>Arapahoe Community College</p><p>Archer Learning Center</p><p>Arizona State University</p><p>Arizona State University, Tempe</p><p>Arkansas School for Mathematics, Sciences, and the Arts</p><p>Arkansas State University-Main Campus</p><p>Arkansas Tech University</p><p>Arlington Memorial High School</p><p>Armstrong State University</p><p>Ascension Episcopal School</p><p>ASET</p><p>Asheville Christian Academy</p><p>Asia Pacific International School</p><p>Assumption College Rayong</p><p>Athens Technical College</p><p>Atlantic Cape Community College</p><p>Auburn University</p><p>Auckland Institute of Studies</p><p>Augusta State University</p><p>Austin College</p><p>Austin Community College</p><p>Austin Community College\u00e2\u20ac\u201cCypress Creek</p><p>Australian National University</p><p>Ave Maria University</p><p>Azusa Pacific University</p><p>Babson College</p><p>Bakersfield College</p><p>Ball State University</p><p>Baltimore County Public Schools eLearning Center</p><p>Baptist Bible College and Seminary</p><p>Baptist Missionary Association Theological Seminary</p><p>Barton College</p><p>Barton County Community College</p><p>Basalt High School</p><p>BASIS Peoria</p><p>Bates Technical College</p><p>Bay College</p><p>Baylor College of Medicine</p><p>Baylor University</p><p>Bay Mills Community College</p><p>Bay State College</p><p>Bear Lake High School</p><p>Belen Jesuit Preparatory School</p><p>Belhaven University</p><p>Belleville Township High School</p><p>Bellevue College</p><p>Bellevue High School</p><p>Bellevue School District</p><p>Bellingham High School</p><p>Belmont University</p><p>Bengal College of Pharmaceutical Sciences</p><p>Bentley School</p><p>Berea College</p><p>Berean Baptist Christian School</p><p>Berkshire Community College</p><p>Bethel University</p><p>Beverly High School</p><p>Big Bend Community College</p><p>Biola University</p><p>Bishop Guertin High School</p><p>Bishop Kenny High School</p><p>Bishop McGuinness High School</p><p>Bismarck State College</p><p>Blackburn College</p><p>Black Hills State University</p><p>Black River Technical College</p><p>Blind Brook High School</p><p>Blinn College</p><p>Blinn College - Brenham Campus</p><p>Blinn College - Bryan Campus</p><p>Bluegrass Community &amp; Technical College</p><p>Blue Mountain Community College</p><p>Bluewater School District</p><p>Bob Jones High School</p><p>Bonney Lake High School</p><p>Borough of Manhattan Community College</p><p>Bosque School</p><p>Bossier Parish Community College</p><p>Boston University</p><p>Bowdoin College</p><p>Box Elder High School</p><p>Brady High School</p><p>Bramson ORT College</p><p>Brandywine High School District</p><p>Brewer High School</p><p>Bridgewater State University</p><p>Brigham Young University</p><p>Bright P-12 College</p><p>Brimmer and May</p><p>Bristol Community College</p><p>Bristow High School</p><p>British Columbia Institute of Technology</p><p>Bronx Community College</p><p>Brooke Point High School</p><p>Brookfield Central High School</p><p>Brookhaven College</p><p>Broward College</p><p>Brunswick Community College</p><p>Bryan Station High School</p><p>Bryn Mawr College</p><p>Bunker Hill Community College</p><p>Burapha University</p><p>Burnett State College</p><p>Butler Community College</p><p>Butte College</p><p>C2 Education</p><p>Cabot High School</p><p>Cabrillo College</p><p>Caldwell Community College and Technical Institute</p><p>Caldwell University</p><p>California Lutheran University</p><p>California Maritime Academy</p><p>California Polytechnic State University, San Luis Obispo</p><p>California State Polytechnic University, Pomona</p><p>California State University, Bakersfield</p><p>California State University, Channel Islands</p><p>California State University, Chico</p><p>California State University, Dominguez Hills</p><p>California State University, Fresno</p><p>California State University, Long Beach</p><p>California State University, Los Angeles</p><p>California State University, Monterey Bay</p><p>California State University, Northridge</p><p>California State University, Sacramento</p><p>California State University, San Bernardino</p><p>California State University, San Marcos</p><p>Cameron University</p><p>Camosun College</p><p>Canada College</p><p>\u00c3\u2021anakkale Eighteen Mart University</p><p>Canisius College</p><p>Canisius High School</p><p>Canterbury Christ Church University</p><p>Cape Henry Collegiate School</p><p>Capilano University</p><p>Capital Community College</p><p>Cardinal Gibbons High School</p><p>Cardinal Spellman High School</p><p>Cardinal Stritch University</p><p>Carlbrook School</p><p>Carleton College</p><p>Carlisle School</p><p>Carl Sandburg College</p><p>Carnegie Vanguard High School</p><p>Carpenter High School</p><p>Carrboro High School</p><p>Carroll High School</p><p>Carthage College</p><p>Case Western Reserve University</p><p>Catholic Central High School</p><p>Catolica Porto, Escola Superior de Biotecnologia</p><p>Cecil College - North East</p><p>Cedar Crest College</p><p>Cedar Shoals High School</p><p>Cedar Valley College</p><p>CEGEP Champlain St. Lawrence</p><p>Centenary College</p><p>Centenary College of Louisiana</p><p>Central Arizona College</p><p>Central High School - Pennsylvania</p><p>Centralia College</p><p>Central Lakes College</p><p>Central New Mexico Community College</p><p>Central Oregon Community College</p><p>Central Queensland University</p><p>Central Texas College</p><p>Central Virginia Community College</p><p>Central Washington University</p><p>Centre College</p><p>Centre d'Education Franco-Americain de Management</p><p>Century College</p><p>Ceres High School</p><p>Cerro Coso Community College</p><p>Chabot College</p><p>Chaffey College</p><p>Chaminade-Madonna College Preparatory</p><p>Chandler-Gilbert Community College</p><p>Charlotte Latin School</p><p>Charterhouse</p><p>Chatham Hall</p><p>Chattahoochee Technical College</p><p>Chattanooga State Community College</p><p>Chipola College</p><p>Chippewa Valley Technical College</p><p>Choate Rosemary Hall</p><p>Chowan University</p><p>Christian Brothers High School</p><p>Christian Brothers University</p><p>Christian Unified Schools</p><p>Christopher Columbus High School</p><p>City College of San Francisco</p><p>City Colleges of Chicago</p><p>City University of New York, Brooklyn College</p><p>City University of New York, Hunter College</p><p>City University of New York, Queens College</p><p>Claflin University</p><p>Clark Atlanta University</p><p>Clark College</p><p>Clayton State University</p><p>Clearfield High School</p><p>Clemson University</p><p>Cleveland Community College</p><p>Cleveland State Community College</p><p>Cleveland State University</p><p>Clifton High School</p><p>Clinton Community College</p><p>Coastal Carolina University</p><p>Coastline Community College</p><p>Coe College</p><p>Colby Community College</p><p>Colby-Sawyer College</p><p>Collegedale Academy</p><p>College International Sainte-Anne</p><p>College of Central Florida</p><p>College of Charleston</p><p>College of Coastal Georgia</p><p>College of Lake County</p><p>College of Marin</p><p>College of Mount Saint Vincent</p><p>College of Mount St. Joseph</p><p>College of Saint Joseph</p><p>College of Saint Mary</p><p>College of San Mateo</p><p>College of Sciences Technology and Applied Arts of Trinidad and Tobago</p><p>College of Southern Idaho</p><p>College of Southern Maryland</p><p>College of Southern Nevada</p><p>College of the Canyons</p><p>College of the Mainland</p><p>College of the Redwoods</p><p>College of the Rockies</p><p>College of the Sequoias</p><p>Collegiate School of Memphis</p><p>Collin College</p><p>Colorado Mesa University</p><p>Colorado Northwestern Community College</p><p>Colorado State University, Pueblo</p><p>Columbia Basin College</p><p>Columbia State Community College</p><p>Columbus State Community College</p><p>Columbus State University</p><p>Columbus Technical College</p><p>Community College of Aurora</p><p>Community College of Vermont</p><p>Concordia College - Bronxville</p><p>Concordia University</p><p>Concordia University (NE)</p><p>Concordia University - Seward</p><p>Concordia University Wisconsin</p><p>Concord University</p><p>Copenhagen Central School</p><p>Coppin State University</p><p>Coronado High School</p><p>Cossatot Community College</p><p>Covington Catholic High School</p><p>Crafton Hills College</p><p>Criswell College</p><p>Crowley High School</p><p>Crowley ISD</p><p>Crystal City High School</p><p>Culver Academies</p><p>Cumberland County College</p><p>Cumberland Valley School District</p><p>Cuyahoga Community College</p><p>Cuyamaca College</p><p>Dalton State College</p><p>Danville Area Community College</p><p>Darlington High School</p><p>Darton State College</p><p>Davidson County Community College</p><p>Davidson High School</p><p>David Thompson Secondary School</p><p>Davis College (NY)</p><p>Dawson College</p><p>Dawson High School</p><p>Daytona State College</p><p>Deakin University</p><p>De Anza College</p><p>Deep Creek High School</p><p>Deepings School</p><p>Deer Park High School, South Campus</p><p>Deer Park High School, Wolters</p><p>Delaware State University</p><p>Delaware Technical Community College</p><p>Del Lago Academy</p><p>Del Mar College</p><p>Delta College</p><p>Delta State University</p><p>De Montfort University</p><p>DePauw University</p><p>Des Moines Area Community College</p><p>Detroit Catholic Central</p><p>Divine Word University</p><p>Doane College</p><p>Dodge City Community College</p><p>Dominican University of California</p><p>Donegal High School</p><p>Douglas College</p><p>Douglas S. Freeman High School</p><p>Downers Grove South High School</p><p>Downingtown STEM Academy</p><p>Dracut High School</p><p>Drew University</p><p>Dubiski Career High School</p><p>Duke University</p><p>Dunwoody College of Technology</p><p>Dunwoody School of Technology</p><p>Dutch Fork High School</p><p>Dutchtown High School</p><p>Dyersburg State Community College</p><p>E.C. Glass High School</p><p>Eaglecrest High School</p><p>East Boston High School</p><p>East Central University</p><p>Eastern Florida State College</p><p>Eastern Kentucky University</p><p>Eastern Mennonite University</p><p>Eastern Michigan University</p><p>Eastern New Mexico University</p><p>Eastern Oklahoma State College</p><p>Eastfield College</p><p>East Georgia State College</p><p>East Lansing High School</p><p>East Texas Baptist University</p><p>Edgewood College</p><p>Edmonds Community College</p><p>Edmonson County High School</p><p>El Centro College</p><p>Elgin Community College</p><p>Elizabethtown Community and Technical College</p><p>Elkins High School</p><p>Embry-Riddle Aeronautical University - Daytona Beach</p><p>Emerson College</p><p>Endicott College</p><p>Engineering &amp; Science University Magnet Middle and High School</p><p>Episcopal High School</p><p>Erie Community College</p><p>Essex High School</p><p>Estrella Mountain Community College</p><p>Eureka Springs High School</p><p>Evangel University</p><p>Everest Collegiate High School</p><p>Evergreen Valley College</p><p>Fairfield Career Center School</p><p>Fairmont Preparatory Academy</p><p>Fairmont State University</p><p>Faith Lutheran Middle School &amp; High School</p><p>Fall Creek Academy</p><p>Fanshawe College</p><p>Farmingdale State College</p><p>Father Lopez Catholic High School</p><p>Ferndale School District</p><p>Ferrum College</p><p>Finger Lakes Community College</p><p>Finlandia University</p><p>First Coast Christian School</p><p>Fitchburg State University</p><p>Flagler Palm Coast High School</p><p>Florence-Darlington Technical College</p><p>Florida A&amp;M University</p><p>Florida Polytechnic University</p><p>Florida Southern College</p><p>Florida State College, Jacksonville</p><p>Florida State University</p><p>Foley High School</p><p>Foothill College</p><p>Foothills Christian High School</p><p>Fordham University</p><p>Forest Lake Academy</p><p>Forsyth Technical Community College</p><p>Fort Bragg High School</p><p>Fort Drum RISE</p><p>Fort Hays State University</p><p>Fort Valley State University</p><p>Foundation Christian Academy</p><p>Fowler High School</p><p>Framingham State University</p><p>Franciscan University of Steubenville</p><p>Francis Marion University</p><p>Franklin College</p><p>Franklin High School</p><p>Franklin High School</p><p>Frank Phillips College</p><p>Fredericton High School</p><p>Fresno City College</p><p>Front Range Community College</p><p>Fruitlands High School</p><p>Fulton-Montgomery Community College</p><p>Furman University</p><p>Fusion Academy Houston Galleria</p><p>Galileo University</p><p>Galveston College</p><p>Gaston College</p><p>GateWay Community College</p><p>Gateway Technical College</p><p>Gauss School of Science and Math</p><p>Gavilan College</p><p>Genesee Community College</p><p>Geneva College</p><p>George Brown College</p><p>George Fox University</p><p>George Mason High School</p><p>Georgetown College</p><p>Georgia Highlands College</p><p>Georgian College</p><p>Georgia Perimeter College</p><p>Georgia Regents University</p><p>Georgia Southern University</p><p>Georgia Southwestern State University</p><p>Georgia State University</p><p>Germanna Community College</p><p>Gettysburg College</p><p>Glacier High School Charter</p><p>Glastonbury High School</p><p>Glendale Community College (AZ)</p><p>Glendale Community College (CA)</p><p>Glenville State College</p><p>Gonzaga College High School</p><p>Gonzaga Preparatory School</p><p>Gordon State College</p><p>Graceland University</p><p>Granada Hills Charter High School</p><p>Granby High School</p><p>Grand River Acadamy</p><p>Grandview Height High School</p><p>Grandview High School</p><p>Granite State College</p><p>Grant MacEwan University</p><p>Graves County High School</p><p>Grays Harbor College</p><p>Grayson County College</p><p>Great Neck South High School</p><p>Great Plains College</p><p>Greendale High School</p><p>Greenfield-Central High School</p><p>Greenfield Community College</p><p>Green River Community College</p><p>Green Valley Ranch High School</p><p>Greenwich High School</p><p>Greenwood High School</p><p>Grossmont College</p><p>Gunnison High School</p><p>Guttman Community College</p><p>Gwendolyn Brooks College Preparatory Academy</p><p>Gwinnett Technical College</p><p>Habib University</p><p>Hackensack High School</p><p>Hagerstown Community College</p><p>Hallmark College</p><p>Hamilton Regional High School</p><p>Hampton University</p><p>Hargrave Military Academy</p><p>Harrisburg Area Community College</p><p>Hartnell College</p><p>Hartwick College</p><p>Harvard Extension School</p><p>Harvard University</p><p>Harvest Christian Academy</p><p>Harvey School</p><p>Hawaii Community College</p><p>Hazard Community and Technical College</p><p>Heartland Community College</p><p>Hellenic American University</p><p>Help College of Arts and Technology</p><p>Hendrix College</p><p>Heritage High School</p><p>Herkimer County Community College</p><p>Hermitage High School</p><p>Highland Community College</p><p>Highline Community College</p><p>High Point Regional High School</p><p>Hillbrook Anglican School</p><p>Hill College</p><p>Hillsborough Community College</p><p>Hocking College</p><p>Hogeschool van Amsterdam</p><p>Holy Apostles College and Seminary</p><p>Holyoke Community College</p><p>Hood College</p><p>Hopatcong High School</p><p>Horace Mann School</p><p>Horizon Christian Academy</p><p>Hotchkiss School</p><p>Houston Academy for International Studies</p><p>Houston Community College</p><p>Houston Community College, Northwest College</p><p>Houston Community College, Southwest College</p><p>Houston Independent School District</p><p>Howard Payne University</p><p>Howard University</p><p>Hudson Valley Community College</p><p>Humboldt State University</p><p>Huntingdon College</p><p>Huntsville High School</p><p>Hutchinson High School</p><p>Illinois College</p><p>Illinois Institute of Technology</p><p>Illinois State University</p><p>Independence University</p><p>Indiana State University</p><p>Indiana University Purdue University Fort Wayne</p><p>Institute of Technology, Tallaght, Dublin</p><p>Interlake High School</p><p>International Christian School - Pyeongtaek</p><p>International Horizons College - Dubai</p><p>International University of Sarajevo</p><p>Iolani High School</p><p>Iowa Central Community College</p><p>ISG Jubail</p><p>Itineris Early College High School</p><p>Ivy Tech Community College</p><p>Ivy Tech Community College, Central Indiana</p><p>Ivy Tech Community College, Lafayette</p><p>Ivy Tech Community College, Richmond</p><p>Ivy Tech Community College-Bloomington</p><p>Ivy Tech Community College-Southwest</p><p>J. Sargeant Reynolds Community College</p><p>Jackson College</p><p>Jackson R2 School District</p><p>Jackson Senior High School</p><p>Jackson State University</p><p>James Clemens High School</p><p>James Cook University</p><p>Jamestown Community College</p><p>Jamia Millia Isamia University</p><p>Jefferson-Lewis-Hamilton-Herkimer-Oneida BOCES</p><p>JF Webb High School</p><p>John Abbott College</p><p>John Adams High School</p><p>John Burroughs School</p><p>John Paul II High School</p><p>Johns Hopkins University, Center for Talented Youth</p><p>Johnson &amp; Wales University</p><p>Johnson C Smith University</p><p>John Tyler Community College</p><p>John Wood Community College</p><p>Jomo Kenyatta University of Agriculture and Technology</p><p>Joseph C. Wilson Magnet High School</p><p>Juan Diego Catholic High School</p><p>Jubilee Performing Arts Center</p><p>Judson University</p><p>Juniata College</p><p>Juniata Mennonite School</p><p>Justice Institute of British Columbia</p><p>Kalamazoo Area Mathematics and Science Center</p><p>Kalamazoo College</p><p>Kansas State University</p><p>Kardan Institute of Business Administration and Technology</p><p>Kazan State Technological University</p><p>Kean University</p><p>Keene State College</p><p>Kenai Peninsula College</p><p>Kenai Peninsula College, Kenai River</p><p>Kenmore West High Schoo</p><p>Kennesaw State University</p><p>Kentridge High School</p><p>Kent State University</p><p>Kentucky State University</p><p>Kilgore College</p><p>King's Edgehill School</p><p>Kirkwood Community College</p><p>Kirtland Community College</p><p>Knightdale High School</p><p>Kohelet Yeshiva High School</p><p>Korle-Bu School of Public Health</p><p>Kutztown University of Pennsylvania</p><p>Kwantlen Polytechnic University</p><p>L&amp;N STEM Academy</p><p>Labuan Matriculation College</p><p>Lackawanna College</p><p>Lac qui Parle Valley High School</p><p>LaGuardia Community College</p><p>Lake Forest College</p><p>Lake Land College</p><p>Lakeland Community College</p><p>Lakeside School, Upper School</p><p>Lake Superior State University</p><p>Lake Tahoe Community College</p><p>Lake Washington Institute of Technology</p><p>Lamar University</p><p>Lambton College</p><p>Lander University</p><p>Landesinstitut f\u00c3\u00bcr Schule</p><p>Lane College</p><p>Lane Community College</p><p>Langara College</p><p>Lanier Technical College</p><p>Lasell College</p><p>Leavitt Area High School</p><p>Lebanon College</p><p>Leeward Community College</p><p>Lenoir Community College</p><p>Leominster High School</p><p>LeTourneau University</p><p>Lewis-Clark State College</p><p>Leyte Normal University</p><p>Liberty High School</p><p>Liceo Scientifico Sabin</p><p>Limestone College</p><p>Lincoln High School</p><p>Lincoln University</p><p>Lindenwood University</p><p>LISA Academy</p><p>Loara High School</p><p>Lockport Township High School</p><p>Logan University</p><p>Lone Star College, CyFair</p><p>Lone Star College, Kingwood</p><p>Lone Star College, Montgomery</p><p>Lone Star College, North Harris</p><p>Lone Star College, Tomball</p><p>Lone Star College System</p><p>Long Beach City College</p><p>Long Island Lutheran</p><p>Longwood University</p><p>Lord Fairfax Community College</p><p>Los Angeles City College</p><p>Los Angeles Harbor College</p><p>Los Angeles Southwest College</p><p>Los Angeles Valley College</p><p>Louisiana Community and Technical Colleges Online</p><p>Louisiana State University, Shreveport</p><p>Lower Columbia College</p><p>Loyola University New Orleans</p><p>Lumberton High School</p><p>Luther College</p><p>Luther Rice University</p><p>Lyndon Institute</p><p>MacCormac College</p><p>Macomb Community College</p><p>Madison Area Technical College</p><p>Madison County School District</p><p>Madison High School</p><p>Manchester College</p><p>Manchester Community College</p><p>Maranatha Baptist Bible College</p><p>Marian Catholic High School</p><p>Marietta College</p><p>Marin Catholic High School</p><p>Marist High School</p><p>Marked Tree High School</p><p>Mars Hill Home School Coop</p><p>Martin Luther College</p><p>Mary Carroll High School</p><p>Mary MacKillop College</p><p>Maryville College</p><p>Massachusetts Bay Community College</p><p>Massachusetts College of Liberal Arts</p><p>Massasoit Community College</p><p>massillon Washington High School</p><p>Mater Dei High School</p><p>McDonogh School</p><p>McGill University</p><p>McIntosh High School</p><p>McMinn County School System</p><p>McNeese State University</p><p>McPherson College</p><p>Medaille College</p><p>Mendocino College</p><p>Menomonie High School</p><p>Mentari International School of Jakarta</p><p>Mercer County Community College</p><p>Mercer University</p><p>Mercy College</p><p>Mercyhurst University</p><p>Merrimack College</p><p>Merritt College</p><p>Mesa Community College</p><p>Messiah College</p><p>Metropolitan Community College - Omaha</p><p>Metropolitan State College of Denver</p><p>Miami Christian School</p><p>Miami Dade College</p><p>Miami University - Hamilton</p><p>Miami University - Middletown</p><p>Michigan State University</p><p>Mid-America Christian University</p><p>Middle Creek High</p><p>Middle East Technical University</p><p>Middle Georgia State College</p><p>Middlesex Community College</p><p>Middle Tennessee State University</p><p>Midlands Technical College</p><p>Mid MIchigan Community College</p><p>Milford Senior High School</p><p>Mililani High School</p><p>Millersville University of Pennsylvania</p><p>Milton High School (FL)</p><p>Ming Chuan University International College</p><p>Minneapolis Community and Technical College</p><p>Minnesota State College Southeast Technical</p><p>Minnesota State University</p><p>Minnesota State University Moorhead</p><p>MiraCosta College</p><p>Mission College</p><p>Mississippi State University</p><p>Missouri Baptist University</p><p>Missouri Western State University</p><p>Moberly Area Community College</p><p>Modesto Junior College</p><p>Mohave Community College</p><p>Mohawk Valley Community College</p><p>Mona Shores High School</p><p>Monmouth University</p><p>Monroe College, Bronx</p><p>Monroe Community College</p><p>Montclair State University</p><p>Monterey Peninsula College</p><p>Montevideo Public Schools</p><p>Monte Vista High School</p><p>Montgomery College</p><p>Montgomery County Community College</p><p>Montwood High School</p><p>Moravian College and Moravian Theological Seminary</p><p>Morehead State University</p><p>Morehouse College</p><p>Morning Star College</p><p>Morrisville State College</p><p>Mott Community College</p><p>Mountain Lakes High School</p><p>Mountain View College</p><p>Mountain View High School</p><p>Mountain Vista Governor's School</p><p>Mount Holyoke College</p><p>Mount Hood Community College</p><p>Mount Notre Dame</p><p>Mount Rainier High School</p><p>Mount Royal University</p><p>Mount St. Joseph Academy</p><p>Mount St. Mary's College</p><p>Mount St. Mary Catholic High School</p><p>Mount Vernon Nazarene University</p><p>Mt. San Antonio College</p><p>Munchen Technical University</p><p>Murray State College</p><p>Muskegon Community College</p><p>Musselman High School</p><p>Mynderse Academy</p><p>Nakornpayap International School</p><p>Nashville State Community College</p><p>Nassau Community College</p><p>National American University - Rapid CIty</p><p>National Cathedral School</p><p>National Louis University</p><p>Navodaya Vidyalaya Samiti</p><p>Nazareth College</p><p>Nebraska Wesleyan University</p><p>Neenah High School</p><p>New Charter University</p><p>Newell High School</p><p>New England College</p><p>New England Institute of Technology</p><p>New Jersey City University</p><p>New Life Theological Seminary</p><p>New Mexico Highlands University</p><p>New Mexico State University</p><p>New Mexico State University, Carlsbad</p><p>New River Community College</p><p>Newton College</p><p>New York City College of Technology</p><p>Ngee Ann Polytechnic</p><p>Niagara County Community College</p><p>Niagara University</p><p>Nicholls State University</p><p>Nicolet Area Technical College</p><p>Norco College</p><p>Norfolk State University</p><p>Normandale Community College</p><p>North American University</p><p>Northampton Community College</p><p>North Attleborough Public Schools</p><p>North Carolina Agricultural and Technical State University</p><p>North Carolina Central University</p><p>North Carolina State University</p><p>North Central Missouri College</p><p>North Central State College</p><p>North Central Texas College, Gainesville</p><p>North Country Community College</p><p>North Crowley High School</p><p>Northeastern Oklahoma A&amp;M College</p><p>Northeastern State University</p><p>Northeast Lakeview College</p><p>Northeast Mississippi Community College</p><p>Northern Essex Community College</p><p>Northern Michigan University</p><p>Northern Virginia Community College</p><p>North Hollywood High School</p><p>North Lake College</p><p>North Marion High School</p><p>North Olmsted High School</p><p>North Pocono High School</p><p>North Shore Community College</p><p>North Union High School</p><p>Northwest Arkansas Community College</p><p>Northwest Community College</p><p>Northwestern Connecticut Community College</p><p>Northwestern Michigan College</p><p>Northwestern Preparatory School</p><p>Northwestern State University of Louisiana</p><p>Northwest Florida State College</p><p>Northwest Kansas Technical College</p><p>Northwest University</p><p>Northwest Vista College</p><p>Northwood High School</p><p>Notre Dame Academy</p><p>Notre Dame College</p><p>Notre Dame Preparatory High School</p><p>Nova Scotia Community College, Burridge</p><p>Nova Scotia Community College, Institute of Technology</p><p>NRI Academy of Medical Sciences</p><p>Nyack College</p><p>O'Fallon Township High School</p><p>Oakton Community College</p><p>Oakwood University</p><p>Ocean County College</p><p>Odessa College</p><p>Ohio Northern University</p><p>Ohio State University</p><p>Ohio University</p><p>Ohio University-Eastern</p><p>Ohio University - Lancaster</p><p>Ohio Wesleyan University</p><p>Ohlone College</p><p>Okanagan College</p><p>Okefenokee Technical College</p><p>Oklahoma Baptist University</p><p>Oklahoma State University</p><p>Oklahoma State University - Stillwater</p><p>Olathe South High School</p><p>Oldham County High Scool</p><p>Olive-Harvey College</p><p>Omro High School</p><p>Orangeburg Calhoun Technical College</p><p>Out-Of-Door Academy</p><p>Owensville Middle School</p><p>Pacific Adventist University</p><p>Pacific University</p><p>Paier College of Art</p><p>Palm Beach State College</p><p>Panther Creek High School</p><p>Paradise Creek Regional High School</p><p>Paradise Valley Community College</p><p>Park University</p><p>Pasadena City College</p><p>Pasadena High School (TX)</p><p>Patrick Henry Community College</p><p>Paul D. Camp Community College</p><p>Paul Quinn College</p><p>Payson High School</p><p>Peabody Veterans Memorial High School</p><p>Pearl River Community College</p><p>Pellissippi State Community College</p><p>Pembroke Academy</p><p>Pembroke Hill School</p><p>Peninsula College</p><p>Pennsylvania College of Technology</p><p>Pennsylvania Highlands Community College</p><p>Pennsylvania Home Education - Wettergren</p><p>Pennsylvania State University</p><p>Pennsylvania State University, Erie</p><p>Pennsylvania State University - Abington</p><p>Pennsylvania State University - Lehigh Valley</p><p>Pensacola State College</p><p>Pepperdine University</p><p>Permian High School</p><p>Perth Institute of Business and Technology</p><p>Peru State College</p><p>Petaluma High School</p><p>Pfeiffer University</p><p>Philander Smith College</p><p>Phillips Exeter Academy</p><p>Phoenix College</p><p>Phoenix Country Day School</p><p>Piedmont Virginia Community College</p><p>Pierce College at Fort Steilacoom</p><p>Pierce College at Puyallup</p><p>Pierpont Community and Technical College</p><p>Pierpont Community and Technical College</p><p>Pima Community College</p><p>Pima Community College, East Campus</p><p>Pine Manor College</p><p>Pingry School</p><p>Pinnacle High School</p><p>Pittsburgh Brashear High School</p><p>Pittsburg State University</p><p>Pitzer College</p><p>Point Loma Nazaerene University</p><p>Point University</p><p>Pope John XXIII High School, NJ</p><p>Poplar Bluff High School</p><p>Portland State University</p><p>Prairie State College</p><p>Prarie Grove High School</p><p>Pre-Hospital Care Academy</p><p>Prince of Wales Secondary School</p><p>Princeton University</p><p>Providence Academy</p><p>Puebla Christian School</p><p>Pueblo South High School</p><p>Pulaski Technical College</p><p>Purchase College, State University of New York</p><p>Purdue University</p><p>Pushpalata Vidya Mandir</p><p>Queensborough Community College</p><p>Questar III</p><p>Quinnipiac University</p><p>Quinsigamond Community College</p><p>Radford University</p><p>Ramsey High School</p><p>Randolph-Macon College</p><p>Ranger College</p><p>Ranney School</p><p>Rappahannock Community College</p><p>Rasmussen College</p><p>Rasmussen College, St. Cloud</p><p>Reading Area Community College</p><p>Red Lion Area Senior High School</p><p>Redmond Proficiency Academy</p><p>Red Rocks Community College</p><p>Redwater ISD</p><p>Regis High School</p><p>Regis Jesuit High School</p><p>Reinhardt College</p><p>Renton Technical College</p><p>Republic Polytechnic, Singapore</p><p>Rhea County Homeschoolers Co-op</p><p>Rhode Island College</p><p>Rhodes State College</p><p>Rice University</p><p>Richard King High School</p><p>Richard Stockton College of New Jersey</p><p>Richland College</p><p>Richland Community College</p><p>Rider University</p><p>Rising Sun High School</p><p>River Bend Career and Technical Center</p><p>Robert Morris University</p><p>Roberts Wesleyan College</p><p>Rochester Community and Technical College</p><p>Rockford Christian High School</p><p>Rockford College</p><p>Rockford University</p><p>Rock Valley College</p><p>Rogers State University</p><p>Roger Williams University</p><p>Rogue Community College</p><p>Rollins College</p><p>Roosevelt University</p><p>Rosary Academy</p><p>Rowan College Gloucester County</p><p>Rowan University</p><p>Roxbury Community College</p><p>Royal Palm Beach Community High School</p><p>Ruben A. Cirillo Gananda High School</p><p>Rutgers University</p><p>Rutgers University, Camden</p><p>Rutgers University, New Brunswick</p><p>Sacramento City College</p><p>Sacred Heart Junior College</p><p>Saddleback College</p><p>Saginaw Valley State University</p><p>Saint Augustine High School</p><p>Saint Basil Academy</p><p>Saint Bede Academy</p><p>Saint Benedict at Auburndale</p><p>Saint Francis School</p><p>Saint Lawrence Academy</p><p>Saint Leo University</p><p>Saint Louis College of Pharmacy</p><p>Salem State University</p><p>Salisbury University</p><p>Salt Lake Community College</p><p>Samar State University</p><p>San Antonio College</p><p>Sandhills Community College</p><p>San Diego City College</p><p>San Diego Miramar College</p><p>San Diego State University</p><p>San Francisco State University</p><p>San Jacinto College Central</p><p>San Jacinto College South</p><p>San Jacinto Community College</p><p>San Joaquin Delta College</p><p>San Joaquin Memorial High School</p><p>San Jose City College</p><p>San Jose Preparatory High School</p><p>San Jose State University</p><p>San Ramon Valley High School</p><p>Santa Ana College</p><p>Santa Barbara City College</p><p>Santa Fe College</p><p>Santa Monica College</p><p>Saskatchewan Polytechnic, Saskatoon</p><p>Sauk Valley Community College</p><p>Saxony Lutheran High School</p><p>Saylor Academy</p><p>Sayreville War Memorial High School</p><p>Schuylkill Haven Area High School</p><p>Scottsdale Community College</p><p>Seattle Central Community College</p><p>Sejong Global School</p><p>Sejong University</p><p>Seton Hall University</p><p>Seton Hill University</p><p>Seymour High School</p><p>Shady Side Academy</p><p>Shanghai American School</p><p>Shasta College</p><p>Shelby High School</p><p>Shelton State Community College</p><p>Shepherd University</p><p>Shikellamy High School</p><p>Siena Catholic College</p><p>Sierra College</p><p>Silliman University</p><p>Simpson College</p><p>Singapore Institute of Management University</p><p>Singapore Polytechnic</p><p>Skyline College</p><p>Smith College</p><p>Smithtown High School</p><p>Snow College</p><p>Solano Community College</p><p>Somers High School</p><p>Sonoma Academy</p><p>Sonoma State University</p><p>South Central College</p><p>South Dakota State University</p><p>South-Doyle High School</p><p>Southeast Community College</p><p>Southeast Missouri State University</p><p>Southern Connecticut State University</p><p>Southern Illinois University, Edwardsville</p><p>Southern New Hampshire University</p><p>Southern Oregon University</p><p>Southern Union State Community College</p><p>Southern University and A&amp;M College</p><p>Southern University at New Orleans</p><p>Southern Utah University</p><p>Southern Virginia University</p><p>Southern Wesleyan University</p><p>South Florida Community College</p><p>South Florida State College</p><p>South Georgia State College</p><p>South Mountain Community College</p><p>South Plains College</p><p>South Portland High School</p><p>South Puget Sound Community College</p><p>South Seattle Community College</p><p>Southwestern College, California</p><p>Southwestern Illinois College</p><p>Southwestern Michigan College</p><p>Southwestern Oregon Community College</p><p>Southwest Minnesota State University</p><p>Spelman College</p><p>Spokane Community College</p><p>Spokane Falls Community College</p><p>Springfield Technical Community College</p><p>Springside Chestnut Hill Academy</p><p>Squalicum High School</p><p>Sriwijaya University, Indonesia</p><p>St. Augustine's College - Augustine Heights</p><p>St. Augustine's College Preparatory High School</p><p>St. Charles East High School</p><p>St. Clair County Community College</p><p>St. Clair High School</p><p>St. Cloud Technical and Community College</p><p>St. Edwards University</p><p>St. Frances DeSales High School</p><p>St. Francis High School</p><p>St. John's University</p><p>St. John XXIII College Preparatory</p><p>St. Joseph's College</p><p>St. Louis Community College</p><p>St. Louis Community College, Forest Park</p><p>St. Mary's Academy</p><p>St. Mary's High School</p><p>St. Mary's Ryken High School</p><p>St. Mary's University</p><p>St. Olaf College</p><p>St. Petersburg College</p><p>St. Xavier's College, Mumbai</p><p>Stanberry High School</p><p>Stanford University</p><p>Stanly Community College</p><p>Stanton High School, Texas</p><p>Staples High School</p><p>Stark State College</p><p>State University of New York, Cortland</p><p>State University of New York, Empire State College</p><p>State University of New York, Fredonia</p><p>State University of New York, Oswego</p><p>State University of New York, Potsdam</p><p>State University of New York at Adirondack</p><p>State University of New York at Brockport</p><p>Stephen F. Austin State University</p><p>Stetson University</p><p>Stevens Point Area High School</p><p>Stevens Prep Academy</p><p>St Herman of Alaska Christian School</p><p>Stillwater Christian School</p><p>St Vincent De Paul High School</p><p>Suffolk County Community College</p><p>Suffolk County Community College,Eastern Campus</p><p>Suffolk University</p><p>Sullivan County Community College</p><p>Summit High School</p><p>Swami Ramanand Teerth Marathwada University</p><p>Tacoma Community College</p><p>Tallahassee Community College</p><p>Tamkang University</p><p>Tarrant County College</p><p>Tarrant County College, Northeast Campus</p><p>Tarrant County College, Northwest Campus</p><p>Tarrant County College, South Campus</p><p>Tarrant County College, Southeast Campus</p><p>Tascosa High School</p><p>Taylor's College</p><p>Taylor University</p><p>Teague High School</p><p>Teays Valley High School</p><p>Technologival Institute of Veracruz</p><p>Tecnol\u00c3\u00b3gico de Monterrey</p><p>Temple University, Japan Campus</p><p>Tennessee Tech University</p><p>Texarkana College</p><p>Texarkana ISD</p><p>Texas A&amp;M International University</p><p>Texas A&amp;M University</p><p>Texas A&amp;M University, Kingsville</p><p>Texas High School</p><p>Texas State University, San Marcos</p><p>Texas Wesleyan University</p><p>Thaddeus Stevens College of Technology</p><p>The American University in Cairo</p><p>The Bolles School, Upper School</p><p>The British School, Quito</p><p>The Bush School</p><p>The College of New Jersey</p><p>The College of Our Lady of the Elms (Elms College)</p><p>The College of Westchester</p><p>The College of William &amp; Mary</p><p>The Evergreen State College</p><p>The Frisch School</p><p>The High School for the Performing and Visual Arts</p><p>The Hill School</p><p>The International School Hannover Region</p><p>The Lovett School</p><p>Theodore Roosevelt High School</p><p>The Walker School</p><p>The Westminster Schools</p><p>The Woodlands Christian Academy</p><p>Thomas Jefferson School</p><p>Thomas Nelson Community College</p><p>Tidewater Community College</p><p>Tillamook Bay Community College</p><p>Tioga High School</p><p>Tompkins Cortland Community College</p><p>Towson University</p><p>Trent University</p><p>Tri-City United Schools</p><p>Trinity Christian College</p><p>Trinity Valley Community College</p><p>Trinity Washington University</p><p>Troy University</p><p>Truman College, City College of Chicago</p><p>Tulane University</p><p>Tulsa Community College</p><p>Tuskegee University</p><p>Ukrainian State University of Finance and International Trade (USUFIT)</p><p>Umpqua Community College</p><p>Unievrsity of San Francisco</p><p>Union College (NE)</p><p>Union School District</p><p>Unisel Universiti Selangor</p><p>Universidad de Alicante, Spain</p><p>Universidad T\u00c3\u00a9cnica Estatal de Quevedo</p><p>Universidad Tecnologica de Pereira</p><p>University College Dublin</p><p>University of Adelaide</p><p>University of Akron</p><p>University of Alabama at Birmingham</p><p>University of Alaska, Anchorage</p><p>University of Alberta</p><p>University of Alberta, Augustana</p><p>University of Arkansas</p><p>University of Arkansas Community College, Hope</p><p>University of Auckland</p><p>University of Balamand</p><p>University of Baltimore</p><p>University of British Columbia</p><p>University of British Columbia, Vancouver</p><p>University of British Columbia: Okanagan</p><p>University of Calgary</p><p>University of California, Davis</p><p>University of California, Irvine</p><p>University of California, Merced</p><p>University of California, Santa Cruz</p><p>University of Central Florida</p><p>University of Central Oklahoma</p><p>University of Charleston</p><p>University of Chicago</p><p>University of Cincinnati</p><p>University of Colorado, Boulder</p><p>University of Colorado, Colorado Springs</p><p>University of Colorado, Denver</p><p>University of Connecticut</p><p>University of Connecticut - Storrs</p><p>University of Dallas</p><p>University of Delaware</p><p>University of Denver</p><p>University of East London</p><p>University of Findlay</p><p>University of Georgia</p><p>University of Georgia System eCore</p><p>University of Goettingen</p><p>University of Hartford</p><p>University of Hawaii, Manoa</p><p>University of Houston at Clear Lake</p><p>University of Houston at Downtown</p><p>University of Idaho</p><p>University of Illinois, Urbana-Champaign</p><p>University of Ilorin</p><p>University of Kansas</p><p>University of Liberia</p><p>University of Louisiana, Lafayette</p><p>University of Louisville</p><p>University of Maine, Farmington</p><p>University of Maine - Augusta</p><p>University of Maryland, University College</p><p>University of Maryland, University College Asia</p><p>University of Maryland - Eastern Shore</p><p>University of Mary Washington</p><p>University of Massachusetts, Amherst</p><p>University of Massachusetts, Boston</p><p>University of Massachusetts, Lowell</p><p>University of Memphis</p><p>University of Minnesota, Minneapolis St. Paul</p><p>University of Minnesota- Rochester</p><p>University of Missouri</p><p>University of Montana - Western</p><p>University of Navarra</p><p>University of Nebraska, Omaha</p><p>University of Nevada, Las Vegas</p><p>University of Nevada, Reno</p><p>University of New England</p><p>University of New Hampshire</p><p>University of New Mexico</p><p>University of North Alabama</p><p>University of North Carolina, Chapel Hill</p><p>University of North Carolina, Charlotte</p><p>University of North Carolina, Greensboro</p><p>University of North Carolina, Pembroke</p><p>University of North Carolina, Wilmington</p><p>University of North Carolina ischool</p><p>University of North Dakota</p><p>University of Northern British Columbia</p><p>University of Northern Iowa</p><p>University of North Georgia</p><p>University of North Georgia, Gainesville</p><p>University of North Texas</p><p>University of Northwestern, St. Paul</p><p>University of Notre Dame</p><p>University of Oklahoma</p><p>University of Oregon</p><p>University of Padua</p><p>University of Pennsylvania</p><p>University Of Petroleum And Energy Studies</p><p>University of Pikeville</p><p>University of Puerto Rico, Cayey</p><p>University of Regina</p><p>University of Rhode Island</p><p>University of Rio Grande</p><p>University of Saint Mary</p><p>University of Scranton</p><p>University of South Alabama</p><p>University of South Carolina, Aiken</p><p>University of South Carolina, Beaufort</p><p>University of South Carolina, Columbia</p><p>University of South Carolina Upstate</p><p>University of South Dakota</p><p>University of Southern Maine</p><p>University of Southern Mississippi</p><p>University of Southern Mississippi, Hattiesburg</p><p>University of St. Francis (IL)</p><p>University of St. Thomas, Houston</p><p>University of St. Thomas - St. Paul</p><p>University of Stirling</p><p>University of Strathclyde</p><p>University Of Technology, Jamaica</p><p>University of Tennessee</p><p>University of Tennessee, Chattanooga</p><p>University of Tennessee, Knoxville</p><p>University of Texas, Arlington</p><p>University of Texas, El Paso</p><p>University of Texas, Pan American</p><p>University of Texas, Permian Basin</p><p>University of Texas, San Antonio</p><p>University of Texas, Tyler</p><p>University of Texas at Brownsville and Texas Southmost College</p><p>University of Texas - Austin</p><p>University of the Fraser Valley</p><p>University of the Pacific</p><p>University of the Philippines</p><p>University of the Virgin Islands</p><p>University of the Western Cape</p><p>University of Toledo</p><p>University of Utah</p><p>University of Vermont</p><p>University of Washington</p><p>University of Wasington, Tacoma</p><p>University of West Georgia</p><p>University of West London</p><p>University of Winnipeg</p><p>University of Wisconsin, Eau Claire</p><p>University of Wisconsin, Fox Valley</p><p>University of Wisconsin, Madison</p><p>University of Wisconsin, Parkside</p><p>University School of Milwaukee</p><p>University Science of Malaysia</p><p>Unknown</p><p>Urban Prep Academies</p><p>Ursinus College</p><p>USD 209</p><p>Utah State University</p><p>Utah State University - College of Eastern Utah</p><p>Utah Valley University</p><p>Valdosta State University</p><p>Valencia College, West Campus</p><p>Valley Central High School</p><p>Vancouver Island University</p><p>Vanier College</p><p>Ventura College</p><p>Veritas Preparatory Academy</p><p>Veterans Tribute Career &amp; Technical Academy</p><p>Victoria College</p><p>Victoria University</p><p>Villa Maria High School</p><p>Vincennes University</p><p>Virginia Commonwealth University</p><p>Virginia Intermont College</p><p>Virginia International University</p><p>Virginia Polytechnic Institute and State University (Virginia Tech)</p><p>Voorhees College</p><p>W. B. Ray High School</p><p>Waipahu High School</p><p>Wakefield High School</p><p>Wake Technical Community College</p><p>Wallace State Community College (Hanceville)</p><p>Walla Walla Community College</p><p>Walnut Grove High School</p><p>Walsh University</p><p>Walters State Community College</p><p>Warner Pacific College</p><p>Washburn University</p><p>Washington State University</p><p>Washtenaw Community College</p><p>Watkinson School</p><p>Wauzeka Steuben</p><p>Wayland Baptist University</p><p>Waynesboro High School</p><p>Wayne State College</p><p>Weatherford College</p><p>Wesleyan University</p><p>Westbrook High School</p><p>West Carleston Secondary School</p><p>West Chester University of Pennsylvania</p><p>West Chicago Community High School</p><p>Western Connecticut State University</p><p>Western Illinois University</p><p>Western Michigan University</p><p>Western Nebraska Community College</p><p>Western Nevada College</p><p>Western State College of Colorado</p><p>Western Texas College</p><p>Western University of Health Sciences</p><p>West Hills College- Coalinga</p><p>West Hills College- Lemoore</p><p>West Hills Community College District</p><p>West Liberty University</p><p>West Memphis High School</p><p>Westminster College</p><p>Westminster College (Penn)</p><p>West Nairobi School</p><p>West Point High School</p><p>West Port High School</p><p>Westside High School</p><p>West Texas A &amp; M University</p><p>West Virginia Wesleyan College</p><p>Whatcom Community College</p><p>Whittier College</p><p>Wichita Area Technical College</p><p>Wiley College</p><p>Wilkes Community College</p><p>William Aberhart High School</p><p>William Howard Taft High School</p><p>William Peace University</p><p>William Penn University</p><p>Williamsburg Middle/High School</p><p>Willis High School</p><p>Willmar Senior High</p><p>Wilmington University</p><p>Wingate University</p><p>Winona State University</p><p>Winter Park High School</p><p>Wisconsin Virtual School</p><p>Woburn Memorial High School</p><p>Wofford College</p><p>Woodcroft College</p><p>Woodinville Montessori School</p><p>Woodland Community College</p><p>Woodland High School</p><p>Woodlands Preparatory School</p><p>Woodstock North High School</p><p>Worcester State University</p><p>Worchester Academy</p><p>Wright State University</p><p>Wye River Upper School</p><p>Wylie Preparatory Academy</p><p>Xavier University of Louisiana</p><p>Yeshiva University</p><p>York College of Pennsylvania</p><p>York Technical College</p><p>York University: Glendon Campus</p><p>Young Harris College</p><p>Yukon College</p><p><br/></p>",
        "intro": "<p>The following schools have adopted OpenStax College's free, professional-quality textbooks. Get on board with these institutions by\u00a0<a id=\"8\" linktype=\"page\">adopting an OpenStax College book</a>\u00a0today!</p>"
    },
    "model": "demo.standardpage",
    "pk": 16
},
{
    "fields": {
        "biography": "<p><br/></p>",
        "intro": "<p>Robert R. Maxfield was a co-founder in 1969 of ROLM Corporation, a computer and telecommunications company, where he served as Executive Vice President and director until ROLM was acquired by IBM in 1984. From 1988-2007 he was a consulting professor in the Management Science and Engineering department at Stanford University, and was a venture partner with Kleiner, Perkins, Caulfield &amp; Byers, a venture capital firm, from 1989 to 1992. He served as a trustee of Rice University from 1995 to 2011. He is President of the Maxfield Foundation, which he founded in 1986 to support scientific research and education. He serves as a director of Echelon Corporation, and as a trustee of the Santa Fe Institute. He earned his B.A. and B.S.E.E degrees from Rice University in 1963 and 1964, and M.S. and Ph.D. degrees in Electrical Engineering at Stanford University in 1966 and 1969.</p>",
        "telephone": "",
        "email": "",
        "image": 10,
        "address_1": "",
        "last_name": "Maxfield",
        "first_name": "Robert",
        "address_2": "",
        "post_code": "",
        "country": "",
        "city": "",
        "feed_image": null
    },
    "model": "demo.personpage",
    "pk": 15
},
{
    "fields": {
        "address_2": "",
        "feed_image": null,
        "telephone": "713-348-2000",
        "address_1": "",
        "post_code": "77005",
        "country": "",
        "email": "",
        "city": "",
        "body": ""
    },
    "model": "demo.contactpage",
    "pk": 9
},
{
    "fields": {
        "name": "College Algebra",
        "isbn_13": "",
        "isbn_10": null,
        "cover_image": 7,
        "revision": "",
        "description": "<p><i>College Algebra</i>\u00a0provides a comprehensive and multi-layered exploration of algebraic principles. The text is suitable for a typical introductory Algebra course, and was developed to be used flexibly. The modular approach and the richness of content ensures that the book meets the needs of a variety of programs.\u00a0<i>College Algebra</i>\u00a0guides and supports students with differing levels of preparation and experience with mathematics. Ideas are presented as clearly as possible, and progress to more complex understandings with considerable reinforcement along the way. A wealth of examples \u2013 usually several dozen per chapter \u2013 offer detailed, conceptual explanations, in order to build in students a strong, cumulative foundation in the material before asking them to apply what they\u2019ve learned.\u00a0</p>",
        "publish_date": null,
        "created": "2015-10-21T21:12:32.953Z",
        "updated": "2015-10-21T22:17:39.507Z"
    },
    "model": "demo.bookpage",
    "pk": 11
},
{
    "fields": {
        "name": "College Physics",
        "isbn_13": "",
        "isbn_10": null,
        "cover_image": 2,
        "revision": "",
        "description": "<p>This introductory, algebra-based, two-semester college physics book is grounded with real-world examples, illustrations, and explanations to help students grasp key, fundamental physics concepts. College Physics can be can be downloaded now by clicking on the \"Get this book\" button below. This online, fully editable and customizable title includes learning objectives, concept questions, links to labs and simulations, and ample practice opportunities to solve traditional physics application problems. This book is available in paperback.</p>",
        "publish_date": null,
        "created": "2015-10-21T21:28:45.642Z",
        "updated": "2015-10-21T21:28:45.662Z"
    },
    "model": "demo.bookpage",
    "pk": 12
},
{
    "fields": {
        "name": "Introductory Statistics",
        "isbn_13": "978-1-938168-20-8",
        "isbn_10": 1938168208,
        "cover_image": 9,
        "revision": "",
        "description": "<p>Introductory Statistics follows the scope and sequence of a one-semester, introduction to statistics course and is geared toward students majoring in fields other than math or engineering. This text assumes students have been exposed to intermediate algebra, and it focuses on the applications of statistical knowledge rather than the theory behind it. The foundation of this textbook is Collaborative Statistics, by Barbara Illowsky and Susan Dean, which has been widely adopted. Introductory Statistics includes innovations in art, terminology, and practical applications, all with a goal of increasing relevance and accessibility for students. We strove to make the discipline meaningful and memorable, so that students can draw a working knowledge from it that will enrich their future studies and help them make sense of the world around them. The text also includes Collaborative Exercises, integration with TI-83,83+,84+ Calculators, technology integration problems, and statistics labs.</p>",
        "publish_date": null,
        "created": "2015-10-22T16:23:05.538Z",
        "updated": "2015-10-22T16:23:05.565Z"
    },
    "model": "demo.bookpage",
    "pk": 14
},
{
    "fields": {
        "sort_order": 0,
        "link_page": 12,
        "title": "College Physics",
        "link_external": "",
        "page": 8,
        "link_document": null
    },
    "model": "demo.bookindexrelatedlink",
    "pk": 5
},
{
    "fields": {
        "sort_order": 1,
        "link_page": 11,
        "title": "College Algebra",
        "link_external": "",
        "page": 8,
        "link_document": null
    },
    "model": "demo.bookindexrelatedlink",
    "pk": 6
},
{
    "fields": {
        "intro": "<p><br/></p>"
    },
    "model": "demo.bookindexpage",
    "pk": 8
},
{
    "fields": {
        "go_live_at": null,
        "locked": false,
        "show_in_menus": false,
        "title": "Root",
        "url_path": "/",
        "numchild": 1,
        "live": true,
        "first_published_at": null,
        "seo_title": "",
        "depth": 1,
        "expired": false,
        "path": "0001",
        "owner": null,
        "has_unpublished_changes": false,
        "expire_at": null,
        "slug": "root",
        "content_type": [
            "wagtailcore",
            "page"
        ],
        "latest_revision_created_at": null,
        "search_description": ""
    },
    "model": "wagtailcore.page",
    "pk": 1
},
{
    "fields": {
        "go_live_at": null,
        "locked": false,
        "show_in_menus": false,
        "title": "Featured Books",
        "url_path": "/openstax-college/featured-books/",
        "numchild": 3,
        "live": true,
        "first_published_at": "2015-10-21T20:48:23.467Z",
        "seo_title": "",
        "depth": 3,
        "expired": false,
        "path": "000100030001",
        "owner": [
            "michael"
        ],
        "has_unpublished_changes": false,
        "expire_at": null,
        "slug": "featured-books",
        "content_type": [
            "demo",
            "bookindexpage"
        ],
        "latest_revision_created_at": "2015-10-21T21:39:17.647Z",
        "search_description": ""
    },
    "model": "wagtailcore.page",
    "pk": 8
},
{
    "fields": {
        "go_live_at": null,
        "locked": false,
        "show_in_menus": false,
        "title": "About Openstax",
        "url_path": "/openstax-college/about-openstax/",
        "numchild": 2,
        "live": true,
        "first_published_at": "2015-10-21T20:55:43.902Z",
        "seo_title": "",
        "depth": 3,
        "expired": false,
        "path": "000100030002",
        "owner": [
            "michael"
        ],
        "has_unpublished_changes": false,
        "expire_at": null,
        "slug": "about-openstax",
        "content_type": [
            "demo",
            "contactpage"
        ],
        "latest_revision_created_at": "2015-10-21T20:56:09.641Z",
        "search_description": ""
    },
    "model": "wagtailcore.page",
    "pk": 9
},
{
    "fields": {
        "go_live_at": null,
        "locked": false,
        "show_in_menus": false,
        "title": "College Algebra",
        "url_path": "/openstax-college/featured-books/college-algebra/",
        "numchild": 0,
        "live": true,
        "first_published_at": "2015-10-21T21:12:32.972Z",
        "seo_title": "",
        "depth": 4,
        "expired": false,
        "path": "0001000300010002",
        "owner": [
            "michael"
        ],
        "has_unpublished_changes": false,
        "expire_at": null,
        "slug": "college-algebra",
        "content_type": [
            "demo",
            "bookpage"
        ],
        "latest_revision_created_at": "2015-10-21T22:17:39.492Z",
        "search_description": ""
    },
    "model": "wagtailcore.page",
    "pk": 11
},
{
    "fields": {
        "go_live_at": null,
        "locked": false,
        "show_in_menus": false,
        "title": "College Physics",
        "url_path": "/openstax-college/featured-books/college-physics/",
        "numchild": 0,
        "live": true,
        "first_published_at": "2015-10-21T21:28:45.660Z",
        "seo_title": "",
        "depth": 4,
        "expired": false,
        "path": "0001000300010001",
        "owner": [
            "michael"
        ],
        "has_unpublished_changes": false,
        "expire_at": null,
        "slug": "college-physics",
        "content_type": [
            "demo",
            "bookpage"
        ],
        "latest_revision_created_at": "2015-10-21T21:28:45.649Z",
        "search_description": ""
    },
    "model": "wagtailcore.page",
    "pk": 12
},
{
    "fields": {
        "go_live_at": null,
        "locked": false,
        "show_in_menus": false,
        "title": "Openstax College",
        "url_path": "/openstax-college/",
        "numchild": 2,
        "live": true,
        "first_published_at": "2015-10-21T21:44:21.888Z",
        "seo_title": "",
        "depth": 2,
        "expired": false,
        "path": "00010003",
        "owner": [
            "michael"
        ],
        "has_unpublished_changes": false,
        "expire_at": null,
        "slug": "openstax-college",
        "content_type": [
            "demo",
            "homepage"
        ],
        "latest_revision_created_at": "2015-10-23T15:01:30.596Z",
        "search_description": ""
    },
    "model": "wagtailcore.page",
    "pk": 13
},
{
    "fields": {
        "go_live_at": null,
        "locked": false,
        "show_in_menus": false,
        "title": "Introductory Statistics",
        "url_path": "/openstax-college/featured-books/introductory-statistics/",
        "numchild": 0,
        "live": true,
        "first_published_at": "2015-10-22T16:23:05.562Z",
        "seo_title": "",
        "depth": 4,
        "expired": false,
        "path": "0001000300010003",
        "owner": [
            "michael"
        ],
        "has_unpublished_changes": false,
        "expire_at": null,
        "slug": "introductory-statistics",
        "content_type": [
            "demo",
            "bookpage"
        ],
        "latest_revision_created_at": "2015-10-22T16:23:05.549Z",
        "search_description": ""
    },
    "model": "wagtailcore.page",
    "pk": 14
},
{
    "fields": {
        "go_live_at": null,
        "locked": false,
        "show_in_menus": false,
        "title": "Robert Maxfield",
        "url_path": "/openstax-college/about-openstax/robert-maxfield/",
        "numchild": 0,
        "live": true,
        "first_published_at": "2015-10-22T16:29:53.726Z",
        "seo_title": "",
        "depth": 4,
        "expired": false,
        "path": "0001000300020001",
        "owner": [
            "michael"
        ],
        "has_unpublished_changes": false,
        "expire_at": null,
        "slug": "robert-maxfield",
        "content_type": [
            "demo",
            "personpage"
        ],
        "latest_revision_created_at": "2015-10-22T16:31:53.689Z",
        "search_description": ""
    },
    "model": "wagtailcore.page",
    "pk": 15
},
{
    "fields": {
        "go_live_at": null,
        "locked": false,
        "show_in_menus": false,
        "title": "Adoption List",
        "url_path": "/openstax-college/about-openstax/adoption-list/",
        "numchild": 0,
        "live": true,
        "first_published_at": "2015-10-22T16:41:46.057Z",
        "seo_title": "",
        "depth": 4,
        "expired": false,
        "path": "0001000300020002",
        "owner": [
            "michael"
        ],
        "has_unpublished_changes": false,
        "expire_at": null,
        "slug": "adoption-list",
        "content_type": [
            "demo",
            "standardpage"
        ],
        "latest_revision_created_at": "2015-10-22T16:42:30.401Z",
        "search_description": ""
    },
    "model": "wagtailcore.page",
    "pk": 16
},
{
    "fields": {
        "page": 1,
        "group": [
            "Moderators"
        ],
        "permission_type": "add"
    },
    "model": "wagtailcore.grouppagepermission",
    "pk": 1
},
{
    "fields": {
        "page": 1,
        "group": [
            "Moderators"
        ],
        "permission_type": "edit"
    },
    "model": "wagtailcore.grouppagepermission",
    "pk": 2
},
{
    "fields": {
        "page": 1,
        "group": [
            "Moderators"
        ],
        "permission_type": "publish"
    },
    "model": "wagtailcore.grouppagepermission",
    "pk": 3
},
{
    "fields": {
        "page": 1,
        "group": [
            "Editors"
        ],
        "permission_type": "add"
    },
    "model": "wagtailcore.grouppagepermission",
    "pk": 4
},
{
    "fields": {
        "page": 1,
        "group": [
            "Editors"
        ],
        "permission_type": "edit"
    },
    "model": "wagtailcore.grouppagepermission",
    "pk": 5
},
{
    "fields": {
        "page": 1,
        "group": [
            "Moderators"
        ],
        "permission_type": "lock"
    },
    "model": "wagtailcore.grouppagepermission",
    "pk": 6
},
{
    "fields": {
        "focal_point_width": null,
        "created_at": "2015-10-21T20:44:43.880Z",
        "focal_point_y": null,
        "title": "College Algebra",
        "height": 259,
        "uploaded_by_user": [
            "michael"
        ],
        "file": "original_images/medium_cover.png",
        "width": 200,
        "focal_point_x": null,
        "file_size": null,
        "focal_point_height": null
    },
    "model": "wagtailimages.image",
    "pk": 1
},
{
    "fields": {
        "focal_point_width": null,
        "created_at": "2015-10-21T20:46:29.831Z",
        "focal_point_y": null,
        "title": "College Physics",
        "height": 168,
        "uploaded_by_user": [
            "michael"
        ],
        "file": "original_images/smaller_Physics_700x906.png",
        "width": 130,
        "focal_point_x": null,
        "file_size": null,
        "focal_point_height": null
    },
    "model": "wagtailimages.image",
    "pk": 2
},
{
    "fields": {
        "focal_point_width": null,
        "created_at": "2015-10-21T21:50:04.567Z",
        "focal_point_y": null,
        "title": "rice-front",
        "height": 400,
        "uploaded_by_user": [
            "michael"
        ],
        "file": "original_images/lovett.jpg",
        "width": 1000,
        "focal_point_x": null,
        "file_size": null,
        "focal_point_height": null
    },
    "model": "wagtailimages.image",
    "pk": 3
},
{
    "fields": {
        "focal_point_width": null,
        "created_at": "2015-10-21T21:50:24.860Z",
        "focal_point_y": null,
        "title": "columns",
        "height": 400,
        "uploaded_by_user": [
            "michael"
        ],
        "file": "original_images/columns.jpg",
        "width": 1000,
        "focal_point_x": null,
        "file_size": null,
        "focal_point_height": null
    },
    "model": "wagtailimages.image",
    "pk": 4
},
{
    "fields": {
        "focal_point_width": null,
        "created_at": "2015-10-21T21:50:42.332Z",
        "focal_point_y": null,
        "title": "bikes",
        "height": 400,
        "uploaded_by_user": [
            "michael"
        ],
        "file": "original_images/bikes.jpg",
        "width": 1000,
        "focal_point_x": null,
        "file_size": null,
        "focal_point_height": null
    },
    "model": "wagtailimages.image",
    "pk": 5
},
{
    "fields": {
        "focal_point_width": null,
        "created_at": "2015-10-21T21:50:58.788Z",
        "focal_point_y": null,
        "title": "symphony",
        "height": 400,
        "uploaded_by_user": [
            "michael"
        ],
        "file": "original_images/140911-andres-orozco-estrada-02_ec987befbff2874f75347bf03ad3d776.nbcnews-f.jpg",
        "width": 1000,
        "focal_point_x": null,
        "file_size": null,
        "focal_point_height": null
    },
    "model": "wagtailimages.image",
    "pk": 6
},
{
    "fields": {
        "focal_point_width": null,
        "created_at": "2015-10-21T22:17:36.474Z",
        "focal_point_y": null,
        "title": "College Algebra - Small",
        "height": 168,
        "uploaded_by_user": [
            "michael"
        ],
        "file": "original_images/smaller_cover.png",
        "width": 130,
        "focal_point_x": null,
        "file_size": null,
        "focal_point_height": null
    },
    "model": "wagtailimages.image",
    "pk": 7
},
{
    "fields": {
        "focal_point_width": null,
        "created_at": "2015-10-21T22:25:13.398Z",
        "focal_point_y": null,
        "title": "Rice Logo",
        "height": 165,
        "uploaded_by_user": [
            "michael"
        ],
        "file": "original_images/rice_logo.original_qouMEpH.max-165x165.png",
        "width": 138,
        "focal_point_x": null,
        "file_size": null,
        "focal_point_height": null
    },
    "model": "wagtailimages.image",
    "pk": 8
},
{
    "fields": {
        "focal_point_width": null,
        "created_at": "2015-10-22T16:22:51.040Z",
        "focal_point_y": null,
        "title": "Stat - small",
        "height": 168,
        "uploaded_by_user": [
            "michael"
        ],
        "file": "original_images/smaller_Stats_700x906.png",
        "width": 130,
        "focal_point_x": null,
        "file_size": null,
        "focal_point_height": null
    },
    "model": "wagtailimages.image",
    "pk": 9
},
{
    "fields": {
        "focal_point_width": null,
        "created_at": "2015-10-22T16:29:29.849Z",
        "focal_point_y": null,
        "title": "Robert Maxwell",
        "height": 150,
        "uploaded_by_user": [
            "michael"
        ],
        "file": "original_images/about_robert_maxfield.jpg",
        "width": 200,
        "focal_point_x": null,
        "file_size": null,
        "focal_point_height": null
    },
    "model": "wagtailimages.image",
    "pk": 10
},
{
    "fields": {
        "focal_point_width": null,
        "created_at": "2015-10-23T14:57:04.211Z",
        "focal_point_y": null,
        "title": "Student 1",
        "height": 385,
        "uploaded_by_user": [
            "michael"
        ],
        "file": "original_images/slider_adopting2-0348c4837471326e8149111b8df244b0.png",
        "width": 683,
        "focal_point_x": null,
        "file_size": null,
        "focal_point_height": null
    },
    "model": "wagtailimages.image",
    "pk": 11
},
{
    "fields": {
        "focal_point_width": null,
        "created_at": "2015-10-23T14:58:38.125Z",
        "focal_point_y": null,
        "title": "Student 2",
        "height": 385,
        "uploaded_by_user": [
            "michael"
        ],
        "file": "original_images/slider_news_events2-039fe9135df5eb5c6bad75b026b17787.png",
        "width": 683,
        "focal_point_x": null,
        "file_size": null,
        "focal_point_height": null
    },
    "model": "wagtailimages.image",
    "pk": 12
},
{
    "fields": {
        "focal_point_width": null,
        "created_at": "2015-10-23T15:01:12.688Z",
        "focal_point_y": null,
        "title": "Student 3",
        "height": 385,
        "uploaded_by_user": [
            "michael"
        ],
        "file": "original_images/slider_join_community2-523467d70df5be9f202d57f3c2d789f4.png",
        "width": 683,
        "focal_point_x": null,
        "file_size": null,
        "focal_point_height": null
    },
    "model": "wagtailimages.image",
    "pk": 13
},
{
    "fields": {
        "focal_point_width": null,
        "created_at": "2015-10-23T15:01:27.672Z",
        "focal_point_y": null,
        "title": "Student 4",
        "height": 385,
        "uploaded_by_user": [
            "michael"
        ],
        "file": "original_images/slider_donate_now2-b9d0af2f1f72a5c6c2314ae19d0e1213.png",
        "width": 683,
        "focal_point_x": null,
        "file_size": null,
        "focal_point_height": null
    },
    "model": "wagtailimages.image",
    "pk": 14
},
{
    "fields": {
        "spec": "max-130x100"
    },
    "model": "wagtailimages.filter",
    "pk": 1
},
{
    "fields": {
        "spec": "max-165x165"
    },
    "model": "wagtailimages.filter",
    "pk": 2
},
{
    "fields": {
        "spec": "width-1000"
    },
    "model": "wagtailimages.filter",
    "pk": 3
},
{
    "fields": {
        "spec": "max-130x130"
    },
    "model": "wagtailimages.filter",
    "pk": 4
},
{
    "fields": {
        "spec": "width-300"
    },
    "model": "wagtailimages.filter",
    "pk": 5
},
{
    "fields": {
        "focal_point_key": "",
        "filter": 1,
        "file": "images/medium_cover.max-130x100.png",
        "width": 77,
        "image": 1,
        "height": 100
    },
    "model": "wagtailimages.rendition",
    "pk": 1
},
{
    "fields": {
        "focal_point_key": "",
        "filter": 2,
        "file": "images/medium_cover.max-165x165.png",
        "width": 127,
        "image": 1,
        "height": 165
    },
    "model": "wagtailimages.rendition",
    "pk": 2
},
{
    "fields": {
        "focal_point_key": "",
        "filter": 1,
        "file": "images/smaller_Physics_700x906.max-130x100.png",
        "width": 77,
        "image": 2,
        "height": 100
    },
    "model": "wagtailimages.rendition",
    "pk": 3
},
{
    "fields": {
        "focal_point_key": "",
        "filter": 2,
        "file": "images/smaller_Physics_700x906.max-165x165.png",
        "width": 127,
        "image": 2,
        "height": 165
    },
    "model": "wagtailimages.rendition",
    "pk": 4
},
{
    "fields": {
        "focal_point_key": "",
        "filter": 3,
        "file": "images/medium_cover.width-1000.png",
        "width": 200,
        "image": 1,
        "height": 259
    },
    "model": "wagtailimages.rendition",
    "pk": 5
},
{
    "fields": {
        "focal_point_key": "",
        "filter": 3,
        "file": "images/smaller_Physics_700x906.width-1000.png",
        "width": 130,
        "image": 2,
        "height": 168
    },
    "model": "wagtailimages.rendition",
    "pk": 6
},
{
    "fields": {
        "focal_point_key": "",
        "filter": 4,
        "file": "images/medium_cover.max-130x130.png",
        "width": 100,
        "image": 1,
        "height": 130
    },
    "model": "wagtailimages.rendition",
    "pk": 7
},
{
    "fields": {
        "focal_point_key": "",
        "filter": 4,
        "file": "images/smaller_Physics_700x906.max-130x130.png",
        "width": 100,
        "image": 2,
        "height": 130
    },
    "model": "wagtailimages.rendition",
    "pk": 8
},
{
    "fields": {
        "focal_point_key": "",
        "filter": 5,
        "file": "images/medium_cover.width-300.png",
        "width": 200,
        "image": 1,
        "height": 259
    },
    "model": "wagtailimages.rendition",
    "pk": 9
},
{
    "fields": {
        "focal_point_key": "",
        "filter": 5,
        "file": "images/smaller_Physics_700x906.width-300.png",
        "width": 130,
        "image": 2,
        "height": 168
    },
    "model": "wagtailimages.rendition",
    "pk": 10
},
{
    "fields": {
        "focal_point_key": "",
        "filter": 1,
        "file": "images/lovett.max-130x100.jpg",
        "width": 130,
        "image": 3,
        "height": 52
    },
    "model": "wagtailimages.rendition",
    "pk": 11
},
{
    "fields": {
        "focal_point_key": "",
        "filter": 2,
        "file": "images/lovett.max-165x165.jpg",
        "width": 165,
        "image": 3,
        "height": 66
    },
    "model": "wagtailimages.rendition",
    "pk": 12
},
{
    "fields": {
        "focal_point_key": "",
        "filter": 1,
        "file": "images/columns.max-130x100.jpg",
        "width": 130,
        "image": 4,
        "height": 52
    },
    "model": "wagtailimages.rendition",
    "pk": 13
},
{
    "fields": {
        "focal_point_key": "",
        "filter": 2,
        "file": "images/columns.max-165x165.jpg",
        "width": 165,
        "image": 4,
        "height": 66
    },
    "model": "wagtailimages.rendition",
    "pk": 14
},
{
    "fields": {
        "focal_point_key": "",
        "filter": 1,
        "file": "images/bikes.max-130x100.jpg",
        "width": 130,
        "image": 5,
        "height": 52
    },
    "model": "wagtailimages.rendition",
    "pk": 15
},
{
    "fields": {
        "focal_point_key": "",
        "filter": 2,
        "file": "images/bikes.max-165x165.jpg",
        "width": 165,
        "image": 5,
        "height": 66
    },
    "model": "wagtailimages.rendition",
    "pk": 16
},
{
    "fields": {
        "focal_point_key": "",
        "filter": 1,
        "file": "images/140911-andres-orozco-estrada-02_ec987befbff2.max-130x100.jpg",
        "width": 130,
        "image": 6,
        "height": 52
    },
    "model": "wagtailimages.rendition",
    "pk": 17
},
{
    "fields": {
        "focal_point_key": "",
        "filter": 3,
        "file": "images/lovett.width-1000.jpg",
        "width": 1000,
        "image": 3,
        "height": 400
    },
    "model": "wagtailimages.rendition",
    "pk": 18
},
{
    "fields": {
        "focal_point_key": "",
        "filter": 3,
        "file": "images/columns.width-1000.jpg",
        "width": 1000,
        "image": 4,
        "height": 400
    },
    "model": "wagtailimages.rendition",
    "pk": 19
},
{
    "fields": {
        "focal_point_key": "",
        "filter": 3,
        "file": "images/bikes.width-1000.jpg",
        "width": 1000,
        "image": 5,
        "height": 400
    },
    "model": "wagtailimages.rendition",
    "pk": 20
},
{
    "fields": {
        "focal_point_key": "",
        "filter": 3,
        "file": "images/140911-andres-orozco-estrada-02_ec987befbff28.width-1000.jpg",
        "width": 1000,
        "image": 6,
        "height": 400
    },
    "model": "wagtailimages.rendition",
    "pk": 21
},
{
    "fields": {
        "focal_point_key": "",
        "filter": 2,
        "file": "images/140911-andres-orozco-estrada-02_ec987befbff2.max-165x165.jpg",
        "width": 165,
        "image": 6,
        "height": 66
    },
    "model": "wagtailimages.rendition",
    "pk": 22
},
{
    "fields": {
        "focal_point_key": "",
        "filter": 1,
        "file": "images/smaller_cover.max-130x100.png",
        "width": 77,
        "image": 7,
        "height": 100
    },
    "model": "wagtailimages.rendition",
    "pk": 23
},
{
    "fields": {
        "focal_point_key": "",
        "filter": 5,
        "file": "images/smaller_cover.width-300.png",
        "width": 130,
        "image": 7,
        "height": 168
    },
    "model": "wagtailimages.rendition",
    "pk": 24
},
{
    "fields": {
        "focal_point_key": "",
        "filter": 4,
        "file": "images/lovett.max-130x130.jpg",
        "width": 130,
        "image": 3,
        "height": 52
    },
    "model": "wagtailimages.rendition",
    "pk": 25
},
{
    "fields": {
        "focal_point_key": "",
        "filter": 4,
        "file": "images/columns.max-130x130.jpg",
        "width": 130,
        "image": 4,
        "height": 52
    },
    "model": "wagtailimages.rendition",
    "pk": 26
},
{
    "fields": {
        "focal_point_key": "",
        "filter": 4,
        "file": "images/bikes.max-130x130.jpg",
        "width": 130,
        "image": 5,
        "height": 52
    },
    "model": "wagtailimages.rendition",
    "pk": 27
},
{
    "fields": {
        "focal_point_key": "",
        "filter": 4,
        "file": "images/140911-andres-orozco-estrada-02_ec987befbff2.max-130x130.jpg",
        "width": 130,
        "image": 6,
        "height": 52
    },
    "model": "wagtailimages.rendition",
    "pk": 28
},
{
    "fields": {
        "focal_point_key": "",
        "filter": 2,
        "file": "images/smaller_cover.max-165x165.png",
        "width": 127,
        "image": 7,
        "height": 165
    },
    "model": "wagtailimages.rendition",
    "pk": 29
},
{
    "fields": {
        "focal_point_key": "",
        "filter": 1,
        "file": "images/rice_logo.original_qouMEpH.max-165x165.max-130x100.png",
        "width": 83,
        "image": 8,
        "height": 100
    },
    "model": "wagtailimages.rendition",
    "pk": 30
},
{
    "fields": {
        "focal_point_key": "",
        "filter": 4,
        "file": "images/rice_logo.original_qouMEpH.max-165x165.max-130x130.png",
        "width": 108,
        "image": 8,
        "height": 130
    },
    "model": "wagtailimages.rendition",
    "pk": 31
},
{
    "fields": {
        "focal_point_key": "",
        "filter": 5,
        "file": "images/rice_logo.original_qouMEpH.max-165x165.width-300.png",
        "width": 138,
        "image": 8,
        "height": 165
    },
    "model": "wagtailimages.rendition",
    "pk": 32
},
{
    "fields": {
        "focal_point_key": "",
        "filter": 2,
        "file": "images/rice_logo.original_qouMEpH.max-165x165.max-165x165.png",
        "width": 138,
        "image": 8,
        "height": 165
    },
    "model": "wagtailimages.rendition",
    "pk": 33
},
{
    "fields": {
        "focal_point_key": "",
        "filter": 1,
        "file": "images/smaller_Stats_700x906.max-130x100.png",
        "width": 77,
        "image": 9,
        "height": 100
    },
    "model": "wagtailimages.rendition",
    "pk": 34
},
{
    "fields": {
        "focal_point_key": "",
        "filter": 5,
        "file": "images/smaller_Stats_700x906.width-300.png",
        "width": 130,
        "image": 9,
        "height": 168
    },
    "model": "wagtailimages.rendition",
    "pk": 35
},
{
    "fields": {
        "focal_point_key": "",
        "filter": 2,
        "file": "images/smaller_Stats_700x906.max-165x165.png",
        "width": 127,
        "image": 9,
        "height": 165
    },
    "model": "wagtailimages.rendition",
    "pk": 36
},
{
    "fields": {
        "focal_point_key": "",
        "filter": 1,
        "file": "images/about_robert_maxfield.max-130x100.jpg",
        "width": 130,
        "image": 10,
        "height": 97
    },
    "model": "wagtailimages.rendition",
    "pk": 37
},
{
    "fields": {
        "focal_point_key": "",
        "filter": 5,
        "file": "images/about_robert_maxfield.width-300.jpg",
        "width": 200,
        "image": 10,
        "height": 150
    },
    "model": "wagtailimages.rendition",
    "pk": 38
},
{
    "fields": {
        "focal_point_key": "",
        "filter": 4,
        "file": "images/about_robert_maxfield.max-130x130.jpg",
        "width": 130,
        "image": 10,
        "height": 97
    },
    "model": "wagtailimages.rendition",
    "pk": 39
},
{
    "fields": {
        "focal_point_key": "",
        "filter": 2,
        "file": "images/about_robert_maxfield.max-165x165.jpg",
        "width": 165,
        "image": 10,
        "height": 123
    },
    "model": "wagtailimages.rendition",
    "pk": 40
},
{
    "fields": {
        "focal_point_key": "",
        "filter": 1,
        "file": "images/slider_adopting2-0348c4837471326e8149111b8df.max-130x100.png",
        "width": 130,
        "image": 11,
        "height": 73
    },
    "model": "wagtailimages.rendition",
    "pk": 41
},
{
    "fields": {
        "focal_point_key": "",
        "filter": 3,
        "file": "images/slider_adopting2-0348c4837471326e8149111b8df2.width-1000.png",
        "width": 683,
        "image": 11,
        "height": 385
    },
    "model": "wagtailimages.rendition",
    "pk": 42
},
{
    "fields": {
        "focal_point_key": "",
        "filter": 4,
        "file": "images/slider_adopting2-0348c4837471326e8149111b8df.max-130x130.png",
        "width": 130,
        "image": 11,
        "height": 73
    },
    "model": "wagtailimages.rendition",
    "pk": 43
},
{
    "fields": {
        "focal_point_key": "",
        "filter": 2,
        "file": "images/slider_adopting2-0348c4837471326e8149111b8df.max-165x165.png",
        "width": 165,
        "image": 11,
        "height": 93
    },
    "model": "wagtailimages.rendition",
    "pk": 44
},
{
    "fields": {
        "focal_point_key": "",
        "filter": 1,
        "file": "images/slider_news_events2-039fe9135df5eb5c6bad75b0.max-130x100.png",
        "width": 130,
        "image": 12,
        "height": 73
    },
    "model": "wagtailimages.rendition",
    "pk": 45
},
{
    "fields": {
        "focal_point_key": "",
        "filter": 2,
        "file": "images/slider_news_events2-039fe9135df5eb5c6bad75b0.max-165x165.png",
        "width": 165,
        "image": 12,
        "height": 93
    },
    "model": "wagtailimages.rendition",
    "pk": 46
},
{
    "fields": {
        "focal_point_key": "",
        "filter": 1,
        "file": "images/slider_join_community2-523467d70df5be9f202d5.max-130x100.png",
        "width": 130,
        "image": 13,
        "height": 73
    },
    "model": "wagtailimages.rendition",
    "pk": 47
},
{
    "fields": {
        "focal_point_key": "",
        "filter": 2,
        "file": "images/slider_join_community2-523467d70df5be9f202d5.max-165x165.png",
        "width": 165,
        "image": 13,
        "height": 93
    },
    "model": "wagtailimages.rendition",
    "pk": 48
},
{
    "fields": {
        "focal_point_key": "",
        "filter": 1,
        "file": "images/slider_donate_now2-b9d0af2f1f72a5c6c2314ae19.max-130x100.png",
        "width": 130,
        "image": 14,
        "height": 73
    },
    "model": "wagtailimages.rendition",
    "pk": 49
},
{
    "fields": {
        "focal_point_key": "",
        "filter": 3,
        "file": "images/slider_news_events2-039fe9135df5eb5c6bad75b02.width-1000.png",
        "width": 683,
        "image": 12,
        "height": 385
    },
    "model": "wagtailimages.rendition",
    "pk": 50
},
{
    "fields": {
        "focal_point_key": "",
        "filter": 3,
        "file": "images/slider_join_community2-523467d70df5be9f202d57.width-1000.png",
        "width": 683,
        "image": 13,
        "height": 385
    },
    "model": "wagtailimages.rendition",
    "pk": 51
},
{
    "fields": {
        "focal_point_key": "",
        "filter": 3,
        "file": "images/slider_donate_now2-b9d0af2f1f72a5c6c2314ae19d.width-1000.png",
        "width": 683,
        "image": 14,
        "height": 385
    },
    "model": "wagtailimages.rendition",
    "pk": 52
},
{
    "fields": {
        "focal_point_key": "",
        "filter": 2,
        "file": "images/slider_donate_now2-b9d0af2f1f72a5c6c2314ae19.max-165x165.png",
        "width": 165,
        "image": 14,
        "height": 93
    },
    "model": "wagtailimages.rendition",
    "pk": 53
},
{
    "fields": {
        "focal_point_key": "",
        "filter": 4,
        "file": "images/slider_news_events2-039fe9135df5eb5c6bad75b0.max-130x130.png",
        "width": 130,
        "image": 12,
        "height": 73
    },
    "model": "wagtailimages.rendition",
    "pk": 54
},
{
    "fields": {
        "focal_point_key": "",
        "filter": 4,
        "file": "images/slider_join_community2-523467d70df5be9f202d5.max-130x130.png",
        "width": 130,
        "image": 13,
        "height": 73
    },
    "model": "wagtailimages.rendition",
    "pk": 55
},
{
    "fields": {
        "focal_point_key": "",
        "filter": 4,
        "file": "images/slider_donate_now2-b9d0af2f1f72a5c6c2314ae19.max-130x130.png",
        "width": 130,
        "image": 14,
        "height": 73
    },
    "model": "wagtailimages.rendition",
    "pk": 56
},
{
    "fields": {
        "query_string": "hello"
    },
    "model": "wagtailsearch.query",
    "pk": 1
},
{
    "fields": {
        "query_string": "algebra"
    },
    "model": "wagtailsearch.query",
    "pk": 2
},
{
    "fields": {
        "query_string": "college"
    },
    "model": "wagtailsearch.query",
    "pk": 3
},
{
    "fields": {
        "query_string": "book"
    },
    "model": "wagtailsearch.query",
    "pk": 4
},
{
    "fields": {
        "query_string": "adop"
    },
    "model": "wagtailsearch.query",
    "pk": 5
},
{
    "fields": {
        "query_string": "robert"
    },
    "model": "wagtailsearch.query",
    "pk": 6
},
{
    "fields": {
        "query": 1,
        "hits": 1,
        "date": "2015-10-21"
    },
    "model": "wagtailsearch.querydailyhits",
    "pk": 1
},
{
    "fields": {
        "query": 2,
        "hits": 1,
        "date": "2015-10-21"
    },
    "model": "wagtailsearch.querydailyhits",
    "pk": 2
},
{
    "fields": {
        "query": 3,
        "hits": 1,
        "date": "2015-10-22"
    },
    "model": "wagtailsearch.querydailyhits",
    "pk": 3
},
{
    "fields": {
        "query": 4,
        "hits": 1,
        "date": "2015-10-22"
    },
    "model": "wagtailsearch.querydailyhits",
    "pk": 4
},
{
    "fields": {
        "query": 5,
        "hits": 1,
        "date": "2015-10-22"
    },
    "model": "wagtailsearch.querydailyhits",
    "pk": 5
},
{
    "fields": {
        "query": 6,
        "hits": 1,
        "date": "2015-11-30"
    },
    "model": "wagtailsearch.querydailyhits",
    "pk": 6
}
]
